insert into hotels (id, name, open_date) values
    (1, 'Hilton', '10-21-1997'),
    (2, 'Sunset Inn', '08-02-1980');

insert into floors (id, hotel_id, name) values
    (1, 1, 'Floor 1'),
    (2, 1, 'Floor 2'),
    (3, 1, 'Floor 3'),
    (4, 2, 'Floor 1'),
    (5, 2, 'Floor 2'),
    (6, 2, 'Floor 3'),
    (7, 2, 'Floor 4'),
    (8, 2, 'Floor 5'),
    (9, 2, 'Floor 6'),
    (10, 2, 'Floor 7');

insert into rooms (id, floor_id, name) values
    (1, 1, '101'),
    (2, 1, '102'),
    (3, 1, '103'),
    
    (4, 2, '201'),
    (5, 2, '202'),
    (6, 2, '203'),
    (7, 2, '204'),
    
    (8, 3, '301'),
    (9, 3, '302'),
    (10, 3, '303'),
    (11, 3, '304'),
    
    (12, 4, '401'),
    (13, 4, '402'),
    (14, 4, '403'),
    (15, 4, '404'),
    
    (16, 5, '501'),
    (17, 5, '502'),
    (18, 5, '503'),
    
    (19, 6, '601'),
    (20, 6, '602'),
    (21, 6, '603'),
    (22, 6, '604'),
    
    (23, 7, '705'),
    (24, 7, '706'),
    (25, 7, '707'),
    
    (26, 8, '801'),
    (27, 8, '802'),
    (28, 8, '803'),
    (29, 8, '804'),
    
    (30, 9, '901'),
    (31, 9, '902'),
    (32, 9, '903'),
    (33, 9, '904'),
    
    (34, 10, '1001'),
    (35, 10, '1002'),
    (36, 10, '1003'),
    (37, 10, '1004'),
    (38, 10, '1005'),
    (39, 10, '1010'),
    (40, 10, '1011'),
    (41, 10, '1012'),
    (42, 10, '1013');

insert into compartments (id, room_id, name) values
    (1, 1, 'Living'),
    (2, 1, 'Kitchen'),
    (3, 1, 'Dining'),
    
    (4, 2, 'Living'),
    (5, 2, 'Kitchen'),
    (6, 2, 'Dining'),
    (7, 2, 'Laundry'),
    
    (8, 3, 'Living'),
    (9, 3, 'Kitchen'),
    (10, 3, 'Dining'),
    (11, 3, 'Morgue'),
    
    (12, 4, 'Living'),
    (13, 4, 'Kitchen'),
    (14, 4, 'Dining'),
    (15, 4, 'Storage'),
    
    (16, 5, 'Living'),
    (17, 5, 'Kitchen'),
    (18, 5, 'Dining'),
    
    (19, 6, 'Living'),
    (20, 6, 'Kitchen'),
    (21, 6, 'Dining'),
    (22, 6, 'Bathroom'),
    
    (23, 7, 'Living'),
    (24, 7, 'Kitchen'),
    (25, 7, 'Dining'),
    
    (26, 8, 'Living'),
    (27, 8, 'Kitchen'),
    (28, 8, 'Dining'),
    (29, 8, 'Basement'),
    
    (30, 9, 'Living'),
    (31, 9, 'Kitchen'),
    (32, 9, 'Dining'),
    (33, 9, 'Attic'),
    
    (34, 10, 'Living'),
    (35, 10, 'Kitchen'),
    (36, 10, 'Dining'),
    (37, 10, 'Pool'),
    (38, 10, 'Attic'),
    (39, 10, 'Basement'),
    (40, 10, 'Bathroom'),
    (41, 10, 'Storage'),
    (42, 10, 'Morgue');
